County,Date,THAW_DEPTH_in,FROST_DEPTH_in,SECONDARY_FROST_DEPTH_in
StLouis,2001/11/01,,,
StLouis,2001/11/02,,,
StLouis,2001/11/03,,,
StLouis,2001/11/04,,,
StLouis,2001/11/05,,,
StLouis,2001/11/06,,,
StLouis,2001/11/07,,,
StLouis,2001/11/08,,,
StLouis,2001/11/09,,,
StLouis,2001/11/10,,,
StLouis,2001/11/11,,,
StLouis,2001/11/12,,,
StLouis,2001/11/13,,,
StLouis,2001/11/14,,,
StLouis,2001/11/15,,,
StLouis,2001/11/16,,,
StLouis,2001/11/17,,,
StLouis,2001/11/18,,,
StLouis,2001/11/19,,,
StLouis,2001/11/20,,,
StLouis,2001/11/21,,,
StLouis,2001/11/22,,,
StLouis,2001/11/23,,,
StLouis,2001/11/24,,,
StLouis,2001/11/25,,,
StLouis,2001/11/26,,,
StLouis,2001/11/27,,,
StLouis,2001/11/28,,6,
StLouis,2001/11/29,,8,
StLouis,2001/11/30,,10,
StLouis,2001/12/01,,10,
StLouis,2001/12/02,,10,
StLouis,2001/12/03,,10,
StLouis,2001/12/04,,10,
StLouis,2001/12/05,,10,
StLouis,2001/12/06,,10,
StLouis,2001/12/07,,10,
StLouis,2001/12/08,,10,
StLouis,2001/12/09,,12,
StLouis,2001/12/10,,15,
StLouis,2001/12/11,,15,
StLouis,2001/12/12,,15,
StLouis,2001/12/13,,15,
StLouis,2001/12/14,,15,
StLouis,2001/12/15,,18,
StLouis,2001/12/16,,18,
StLouis,2001/12/17,,18,
StLouis,2001/12/18,,18,
StLouis,2001/12/19,,18,
StLouis,2001/12/20,,18,
StLouis,2001/12/21,,18,
StLouis,2001/12/22,,18,
StLouis,2001/12/23,,18,
StLouis,2001/12/24,,24,
StLouis,2001/12/25,,24,
StLouis,2001/12/26,,24,
StLouis,2001/12/27,,24,
StLouis,2001/12/28,,30,
StLouis,2001/12/29,,30,
StLouis,2001/12/30,,30,
StLouis,2001/12/31,,30,
StLouis,2002/01/01,,32,
StLouis,2002/01/02,,34,
StLouis,2002/01/03,,34,
StLouis,2002/01/04,,36,
StLouis,2002/01/05,,38,
StLouis,2002/01/06,,41,
StLouis,2002/01/07,,41,
StLouis,2002/01/08,,44,
StLouis,2002/01/09,,44,
StLouis,2002/01/10,,44,
StLouis,2002/01/11,,44,
StLouis,2002/01/12,,44,
StLouis,2002/01/13,,44,
StLouis,2002/01/14,,44,
StLouis,2002/01/15,,44,
StLouis,2002/01/16,,44,
StLouis,2002/01/17,,44,
StLouis,2002/01/18,,44,
StLouis,2002/01/19,,44,
StLouis,2002/01/20,,46,
StLouis,2002/01/21,,46,
StLouis,2002/01/22,,46,
StLouis,2002/01/23,,48,
StLouis,2002/01/24,,48,
StLouis,2002/01/25,,50,
StLouis,2002/01/26,,50,
StLouis,2002/01/27,,50,
StLouis,2002/01/28,,50,
StLouis,2002/01/29,,50,
StLouis,2002/01/30,,50,
StLouis,2002/01/31,,54,
StLouis,2002/02/01,,54,
StLouis,2002/02/02,,54,
StLouis,2002/02/03,,54,
StLouis,2002/02/04,,56,
StLouis,2002/02/05,,56,
StLouis,2002/02/06,,60,
StLouis,2002/02/07,,60,
StLouis,2002/02/08,,60,
StLouis,2002/02/09,,64,
StLouis,2002/02/10,,64,
StLouis,2002/02/11,,64,
StLouis,2002/02/12,,64,
StLouis,2002/02/13,,64,
StLouis,2002/02/14,,64,
StLouis,2002/02/15,,64,
StLouis,2002/02/16,,64,
StLouis,2002/02/17,,64,
StLouis,2002/02/18,,64,
StLouis,2002/02/19,,64,
StLouis,2002/02/20,,64,
StLouis,2002/02/21,,64,
StLouis,2002/02/22,,64,
StLouis,2002/02/23,,64,
StLouis,2002/02/24,,64,
StLouis,2002/02/25,,64,
StLouis,2002/02/26,,64,
StLouis,2002/02/27,,64,
StLouis,2002/02/28,,60,
StLouis,2002/03/01,,60,
StLouis,2002/03/02,,58,
StLouis,2002/03/03,,58,
StLouis,2002/03/04,,58,
StLouis,2002/03/05,,58,
StLouis,2002/03/06,,58,
StLouis,2002/03/07,,58,
StLouis,2002/03/08,,58,
StLouis,2002/03/09,,60,
StLouis,2002/03/10,,60,
StLouis,2002/03/11,,60,
StLouis,2002/03/12,,60,
StLouis,2002/03/13,6,60,
StLouis,2002/03/14,7,60,
StLouis,2002/03/15,6,60,
StLouis,2002/03/16,8,60,
StLouis,2002/03/17,8,60,
StLouis,2002/03/18,10,60,
StLouis,2002/03/19,16,60,
StLouis,2002/03/20,16,60,
StLouis,2002/03/21,16,60,
StLouis,2002/03/22,16,60,
StLouis,2002/03/23,16,60,
StLouis,2002/03/24,16,60,
StLouis,2002/03/25,16,60,
StLouis,2002/03/26,16,60,
StLouis,2002/03/27,16,60,
StLouis,2002/03/28,16,60,
StLouis,2002/03/29,16,60,
StLouis,2002/03/30,18,60,
StLouis,2002/03/31,21,60,
StLouis,2002/04/01,22,60,
StLouis,2002/04/02,24,60,
StLouis,2002/04/03,28,60,
StLouis,2002/04/04,30,60,
StLouis,2002/04/05,32,60,
StLouis,2002/04/06,34,60,
StLouis,2002/04/07,34,60,
StLouis,2002/04/08,36,60,
StLouis,2002/04/09,38,60,
StLouis,2002/04/10,41,60,
StLouis,2002/04/11,43,60,
StLouis,2002/04/12,43,60,
StLouis,2002/04/13,45,60,
StLouis,2002/04/14,48,60,
StLouis,2002/04/15,50,60,
StLouis,2002/04/16,54,60,
StLouis,2002/04/17,60,60,
StLouis,2002/04/18,,,
StLouis,2002/04/19,,,
StLouis,2002/04/20,,,
StLouis,2002/04/21,,,
StLouis,2002/04/22,,,
StLouis,2002/04/23,,,
StLouis,2002/04/24,,,
StLouis,2002/10/31,,,
StLouis,2002/11/01,,,
StLouis,2002/11/02,,,
StLouis,2002/11/03,,,
StLouis,2002/11/04,,,
StLouis,2002/11/05,,,
StLouis,2002/11/06,,,
StLouis,2002/11/07,,,
StLouis,2002/11/08,,,
StLouis,2002/11/09,,,
StLouis,2002/11/10,,,
StLouis,2002/11/11,,,
StLouis,2002/11/12,,,
StLouis,2002/11/13,,6,
StLouis,2002/11/14,,8,
StLouis,2002/11/15,,10,
StLouis,2002/11/16,,15,
StLouis,2002/11/17,,15,
StLouis,2002/11/18,,15,
StLouis,2002/11/19,,15,
StLouis,2002/11/20,,10,
StLouis,2002/11/21,,10,
StLouis,2002/11/22,,10,
StLouis,2002/11/23,,10,
StLouis,2002/11/24,,10,
StLouis,2002/11/25,,10,
StLouis,2002/11/26,,15,
StLouis,2002/11/27,,18,
StLouis,2002/11/28,,18,
StLouis,2002/11/29,,18,
StLouis,2002/11/30,,18,
StLouis,2002/12/01,,18,
StLouis,2002/12/02,,18,
StLouis,2002/12/03,,18,
StLouis,2002/12/04,,24,
StLouis,2002/12/05,,24,
StLouis,2002/12/06,,24,
StLouis,2002/12/07,,24,
StLouis,2002/12/08,,24,
StLouis,2002/12/09,,24,
StLouis,2002/12/10,,24,
StLouis,2002/12/11,,24,
StLouis,2002/12/12,,24,
StLouis,2002/12/13,,24,
StLouis,2002/12/14,,24,
StLouis,2002/12/15,,24,
StLouis,2002/12/16,,24,
StLouis,2002/12/17,,24,
StLouis,2002/12/18,,24,
StLouis,2002/12/19,,24,
StLouis,2002/12/20,,24,
StLouis,2002/12/21,,24,
StLouis,2002/12/22,,24,
StLouis,2002/12/23,,24,
StLouis,2002/12/24,,24,
StLouis,2002/12/25,,24,
StLouis,2002/12/26,,24,
StLouis,2002/12/27,,24,
StLouis,2002/12/28,,24,
StLouis,2002/12/29,,24,
StLouis,2002/12/30,,24,
StLouis,2002/12/31,,24,
StLouis,2003/01/01,,24,
StLouis,2003/01/02,,24,
StLouis,2003/01/03,,30,
StLouis,2003/01/04,,30,
StLouis,2003/01/05,,30,
StLouis,2003/01/06,,30,
StLouis,2003/01/07,,30,
StLouis,2003/01/08,,30,
StLouis,2003/01/09,,30,
StLouis,2003/01/11,,30,
StLouis,2003/01/12,,30,
StLouis,2003/01/13,,30,
StLouis,2003/01/14,,36,
StLouis,2003/01/15,,42,
StLouis,2003/01/16,,42,
StLouis,2003/01/17,,42,
StLouis,2003/01/18,,48,
StLouis,2003/01/19,,48,
StLouis,2003/01/20,,48,
StLouis,2003/01/21,,48,
StLouis,2003/01/22,,48,
StLouis,2003/01/23,,48,
StLouis,2003/01/24,,48,
StLouis,2003/01/25,,48,
StLouis,2003/01/26,,48,
StLouis,2003/01/27,,48,
StLouis,2003/01/28,,60,
StLouis,2003/01/29,,60,
StLouis,2003/01/30,,60,
StLouis,2003/01/31,,60,
StLouis,2003/02/01,,60,
StLouis,2003/02/02,,60,
StLouis,2003/02/03,,60,
StLouis,2003/02/04,,60,
StLouis,2003/02/05,,60,
StLouis,2003/02/06,,60,
StLouis,2003/02/07,,60,
StLouis,2003/02/08,,60,
StLouis,2003/02/09,,60,
StLouis,2003/02/10,,60,
StLouis,2003/02/11,,60,
StLouis,2003/02/12,,60,
StLouis,2003/02/13,,60,
StLouis,2003/02/14,,60,
StLouis,2003/02/15,,60,
StLouis,2003/02/16,,60,
StLouis,2003/02/17,,60,
StLouis,2003/02/18,,60,
StLouis,2003/02/19,,60,
StLouis,2003/02/20,,60,
StLouis,2003/02/21,,60,
StLouis,2003/02/22,,60,
StLouis,2003/02/23,,60,
StLouis,2003/02/24,,60,
StLouis,2003/02/25,,60,
StLouis,2003/02/26,,60,
StLouis,2003/02/27,,60,
StLouis,2003/02/28,,60,
StLouis,2003/03/01,,60,
StLouis,2003/03/02,,60,
StLouis,2003/03/03,,60,
StLouis,2003/03/04,,60,
StLouis,2003/03/05,,60,
StLouis,2003/03/06,,60,
StLouis,2003/03/07,,60,
StLouis,2003/03/08,,60,
StLouis,2003/03/09,,60,
StLouis,2003/03/10,,60,
StLouis,2003/03/11,,60,
StLouis,2003/03/12,,60,
StLouis,2003/03/13,,60,
StLouis,2003/03/14,6,60,
StLouis,2003/03/15,10,60,
StLouis,2003/03/16,10,60,
StLouis,2003/03/17,12,60,
StLouis,2003/03/18,15,60,
StLouis,2003/03/19,18,60,
StLouis,2003/03/20,18,60,
StLouis,2003/03/21,18,60,
StLouis,2003/03/22,24,60,
StLouis,2003/03/23,24,60,
StLouis,2003/03/24,24,60,
StLouis,2003/03/25,24,60,
StLouis,2003/03/26,24,60,
StLouis,2003/03/27,24,60,
StLouis,2003/03/28,24,60,
StLouis,2003/03/29,24,60,
StLouis,2003/03/30,24,60,
StLouis,2003/03/31,24,60,
StLouis,2003/04/01,24,60,
StLouis,2003/04/02,30,60,
StLouis,2003/04/03,30,60,
StLouis,2003/04/04,30,60,
StLouis,2003/04/05,30,60,
StLouis,2003/04/06,30,60,
StLouis,2003/04/07,30,60,
StLouis,2003/04/08,30,60,
StLouis,2003/04/09,30,60,
StLouis,2003/04/10,30,60,
StLouis,2003/04/11,36,60,
StLouis,2003/04/12,42,60,
StLouis,2003/04/13,48,60,
StLouis,2003/04/14,48,60,
StLouis,2003/04/15,48,60,
StLouis,2003/04/16,48,60,
StLouis,2003/04/17,48,60,
StLouis,2003/04/18,48,60,
StLouis,2003/04/19,60,60,
StLouis,2003/11/06,,6,
StLouis,2003/11/07,,10,
StLouis,2003/11/08,,10,
StLouis,2003/11/09,,10,
StLouis,2003/11/10,6,10,
StLouis,2003/11/11,10,10,
StLouis,2003/11/12,,,
StLouis,2003/11/13,,6,
StLouis,2003/11/14,6,8,
StLouis,2003/11/15,8,8,
StLouis,2003/11/16,,,
StLouis,2003/11/17,,,
StLouis,2003/11/18,,,
StLouis,2003/11/19,,,
StLouis,2003/11/20,,,
StLouis,2003/11/21,,,
StLouis,2003/11/22,,6,
StLouis,2003/11/23,,6,
StLouis,2003/11/24,,10,
StLouis,2003/11/25,,12,
StLouis,2003/11/26,,12,
StLouis,2003/11/27,,12,
StLouis,2003/11/28,,12,
StLouis,2003/11/29,,12,
StLouis,2003/11/30,,12,
StLouis,2003/12/01,,15,
StLouis,2003/12/02,,18,
StLouis,2003/12/03,,18,
StLouis,2003/12/04,,18,
StLouis,2003/12/05,,18,
StLouis,2003/12/06,,18,
StLouis,2003/12/07,,18,
StLouis,2003/12/08,,18,
StLouis,2003/12/09,,18,
StLouis,2003/12/10,,18,
StLouis,2003/12/11,,18,
StLouis,2003/12/12,,24,
StLouis,2003/12/13,,30,
StLouis,2003/12/14,,30,
StLouis,2003/12/15,,30,
StLouis,2003/12/16,,30,
StLouis,2003/12/17,,30,
StLouis,2003/12/18,,30,
StLouis,2003/12/19,,30,
StLouis,2003/12/20,,30,
StLouis,2003/12/21,,30,
StLouis,2003/12/22,,30,
StLouis,2003/12/23,,30,
StLouis,2003/12/24,,30,
StLouis,2003/12/25,,30,
StLouis,2003/12/26,,30,
StLouis,2003/12/27,,30,
StLouis,2003/12/28,,30,
StLouis,2003/12/29,,30,
StLouis,2003/12/30,,30,
StLouis,2003/12/31,,30,
StLouis,2004/01/01,,30,
StLouis,2004/01/02,,30,
StLouis,2004/01/03,,30,
StLouis,2004/01/04,,30,
StLouis,2004/01/05,,36,
StLouis,2004/01/06,,36,
StLouis,2004/01/07,,42,
StLouis,2004/01/08,,42,
StLouis,2004/01/09,,42,
StLouis,2004/01/10,,42,
StLouis,2004/01/11,,48,
StLouis,2004/01/12,,48,
StLouis,2004/01/13,,48,
StLouis,2004/01/14,,48,
StLouis,2004/01/15,,48,
StLouis,2004/01/16,,48,
StLouis,2004/01/17,,48,
StLouis,2004/01/18,,48,
StLouis,2004/01/19,,48,
StLouis,2004/01/20,,48,
StLouis,2004/01/21,,48,
StLouis,2004/01/22,,48,
StLouis,2004/01/23,,60,
StLouis,2004/01/24,,60,
StLouis,2004/01/25,,60,
StLouis,2004/01/26,,60,
StLouis,2004/01/27,,60,
StLouis,2004/01/28,,60,
StLouis,2004/01/29,,60,
StLouis,2004/01/30,,60,
StLouis,2004/01/31,,60,
StLouis,2004/02/01,,60,
StLouis,2004/02/02,,60,
StLouis,2004/02/03,,60,
StLouis,2004/02/04,,60,
StLouis,2004/02/05,,60,
StLouis,2004/02/06,,60,
StLouis,2004/02/07,,60,
StLouis,2004/02/08,,60,
StLouis,2004/02/09,,60,
StLouis,2004/02/10,,60,
StLouis,2004/02/11,,60,
StLouis,2004/02/12,,60,
StLouis,2004/02/13,,60,
StLouis,2004/02/14,,60,
StLouis,2004/02/15,,60,
StLouis,2004/02/16,,60,
StLouis,2004/02/17,,72,
StLouis,2004/02/18,,72,
StLouis,2004/02/19,,72,
StLouis,2004/02/20,,72,
StLouis,2004/02/21,,72,
StLouis,2004/02/22,,72,
StLouis,2004/02/23,,72,
StLouis,2004/02/24,6,72,
StLouis,2004/02/25,6,72,
StLouis,2004/02/26,10,72,
StLouis,2004/02/27,10,72,
StLouis,2004/02/28,12,72,
StLouis,2004/02/29,15,72,
StLouis,2004/03/01,15,72,
StLouis,2004/03/02,15,72,
StLouis,2004/03/03,15,72,
StLouis,2004/03/04,15,72,
StLouis,2004/03/05,15,72,6
StLouis,2004/03/06,15,72,
StLouis,2004/03/07,15,72,
StLouis,2004/03/08,15,72,
StLouis,2004/03/09,15,72,
StLouis,2004/03/10,15,72,
StLouis,2004/03/11,15,72,6
StLouis,2004/03/12,15,72,8
StLouis,2004/03/13,15,72,8
StLouis,2004/03/14,15,72,8
StLouis,2004/03/15,15,72,8
StLouis,2004/03/16,15,72,8
StLouis,2004/03/17,15,72,6
StLouis,2004/03/18,15,72,
StLouis,2004/03/19,15,72,
StLouis,2004/03/20,15,72,
StLouis,2004/03/21,15,72,
StLouis,2004/03/22,15,72,
StLouis,2004/03/23,15,72,
StLouis,2004/03/24,15,60,
StLouis,2004/03/25,15,60,
StLouis,2004/03/26,15,60,
StLouis,2004/03/27,18,60,
StLouis,2004/03/28,24,60,
StLouis,2004/03/29,24,60,
StLouis,2004/03/30,24,60,
StLouis,2004/03/31,24,60,
StLouis,2004/04/01,30,60,
StLouis,2004/04/02,30,60,
StLouis,2004/04/03,36,60,
StLouis,2004/04/04,36,60,
StLouis,2004/04/05,41,60,
StLouis,2004/04/06,41,60,
StLouis,2004/04/07,41,60,
StLouis,2004/04/08,48,60,
StLouis,2004/04/09,54,60,
StLouis,2004/04/10,60,60,
StLouis,2004/11/28,,6,
StLouis,2004/11/29,,6,
StLouis,2004/11/30,,6,
StLouis,2004/12/01,,8,
StLouis,2004/12/02,,10,
StLouis,2004/12/03,,16,
StLouis,2004/12/04,,16,
StLouis,2004/12/05,,16,
StLouis,2004/12/06,,16,
StLouis,2004/12/07,,16,
StLouis,2004/12/08,,12,
StLouis,2004/12/09,,12,
StLouis,2004/12/10,,12,
StLouis,2004/12/11,,12,
StLouis,2004/12/12,,12,
StLouis,2004/12/13,,12,
StLouis,2004/12/14,,18,
StLouis,2004/12/15,,24,
StLouis,2004/12/16,,24,
StLouis,2004/12/17,,24,
StLouis,2004/12/18,,24,
StLouis,2004/12/19,,24,
StLouis,2004/12/20,,30,
StLouis,2004/12/21,,30,
StLouis,2004/12/22,,30,
StLouis,2004/12/23,,30,
StLouis,2004/12/24,,36,
StLouis,2004/12/25,,36,
StLouis,2004/12/26,,36,
StLouis,2004/12/27,,36,
StLouis,2004/12/28,,41,
StLouis,2004/12/29,,41,
StLouis,2004/12/30,,41,
StLouis,2004/12/31,,41,
StLouis,2005/01/01,,41,
StLouis,2005/01/02,,41,
StLouis,2005/01/03,,41,
StLouis,2005/01/04,,41,
StLouis,2005/01/05,,41,
StLouis,2005/01/06,,41,
StLouis,2005/01/07,,49,
StLouis,2005/01/08,,49,
StLouis,2005/01/09,,49,
StLouis,2005/01/10,,49,
StLouis,2005/01/11,,49,
StLouis,2005/01/12,,49,
StLouis,2005/01/13,,49,
StLouis,2005/01/14,,49,
StLouis,2005/01/15,,49,
StLouis,2005/01/16,,49,
StLouis,2005/01/17,,49,
StLouis,2005/01/18,,49,
StLouis,2005/01/19,,61,
StLouis,2005/01/20,,61,
StLouis,2005/01/21,,61,
StLouis,2005/01/22,,61,
StLouis,2005/01/23,,61,
StLouis,2005/01/24,,61,
StLouis,2005/01/25,,61,
StLouis,2005/01/26,,61,
StLouis,2005/01/27,,61,
StLouis,2005/01/28,,61,
StLouis,2005/01/29,,61,
StLouis,2005/01/30,,61,
StLouis,2005/01/31,,61,
StLouis,2005/02/01,,61,
StLouis,2005/02/02,,61,
StLouis,2005/02/03,,61,
StLouis,2005/02/04,,61,
StLouis,2005/02/05,,61,
StLouis,2005/02/06,,61,
StLouis,2005/02/07,,61,
StLouis,2005/02/08,,61,
StLouis,2005/02/09,,61,
StLouis,2005/02/10,,61,
StLouis,2005/02/11,,61,
StLouis,2005/02/12,,61,
StLouis,2005/02/13,,61,
StLouis,2005/02/14,,61,
StLouis,2005/02/15,,61,
StLouis,2005/02/16,,61,
StLouis,2005/02/17,,61,
StLouis,2005/02/18,,61,
StLouis,2005/02/19,,61,
StLouis,2005/02/20,,61,
StLouis,2005/02/21,,61,
StLouis,2005/02/22,,61,
StLouis,2005/02/23,,61,
StLouis,2005/02/24,,61,
StLouis,2005/02/25,,61,
StLouis,2005/02/26,,61,
StLouis,2005/02/27,,61,
StLouis,2005/02/28,,61,
StLouis,2005/03/01,,61,
StLouis,2005/03/02,,61,
StLouis,2005/03/03,,61,
StLouis,2005/03/04,,61,
StLouis,2005/03/05,6,61,
StLouis,2005/03/06,6,61,
StLouis,2005/03/07,,61,
StLouis,2005/03/08,,61,
StLouis,2005/03/09,,61,
StLouis,2005/03/10,,61,
StLouis,2005/03/11,,61,
StLouis,2005/03/12,,61,
StLouis,2005/03/13,,61,
StLouis,2005/03/14,,61,
StLouis,2005/03/15,,61,
StLouis,2005/03/16,,61,
StLouis,2005/03/17,,61,
StLouis,2005/03/18,,61,
StLouis,2005/03/19,,61,
StLouis,2005/03/20,,61,
StLouis,2005/03/21,6,61,
StLouis,2005/03/22,8,61,
StLouis,2005/03/23,12,61,
StLouis,2005/03/24,16,61,
StLouis,2005/03/25,19,61,
StLouis,2005/03/26,24,61,
StLouis,2005/03/27,24,61,
StLouis,2005/03/28,24,61,
StLouis,2005/03/29,24,61,
StLouis,2005/03/30,24,61,
StLouis,2005/03/31,30,61,
StLouis,2005/04/01,30,61,
StLouis,2005/04/02,36,61,
StLouis,2005/04/03,36,61,
StLouis,2005/04/04,36,61,
StLouis,2005/04/05,41,61,
StLouis,2005/04/06,41,61,
StLouis,2005/04/07,41,61,
StLouis,2005/04/08,49,61,
StLouis,2005/04/09,49,61,
StLouis,2005/04/10,49,61,
StLouis,2005/04/11,49,61,
StLouis,2005/04/12,61,61,
StLouis,2005/11/17,,6,
StLouis,2005/11/24,,6,
StLouis,2005/11/25,,6,
StLouis,2005/11/26,,8,
StLouis,2005/11/27,,12,
StLouis,2005/11/28,,15,
StLouis,2005/11/29,,15,
StLouis,2005/11/30,,15,
StLouis,2005/12/01,,15,
StLouis,2005/12/02,,19,
StLouis,2005/12/03,,19,
StLouis,2005/12/04,,24,
StLouis,2005/12/05,,24,
StLouis,2005/12/06,,24,
StLouis,2005/12/07,,24,
StLouis,2005/12/08,,24,
StLouis,2005/12/09,,30,
StLouis,2005/12/10,,30,
StLouis,2005/12/11,,30,
StLouis,2005/12/12,,30,
StLouis,2005/12/13,,30,
StLouis,2005/12/14,,30,
StLouis,2005/12/15,,30,
StLouis,2005/12/16,,30,
StLouis,2005/12/17,,30,
StLouis,2005/12/18,,30,
StLouis,2005/12/19,,30,
StLouis,2005/12/20,,36,
StLouis,2005/12/21,,36,
StLouis,2005/12/22,,36,
StLouis,2005/12/23,,36,
StLouis,2005/12/24,,36,
StLouis,2005/12/25,,36,
StLouis,2005/12/26,,36,
StLouis,2005/12/27,,36,
StLouis,2005/12/28,,36,
StLouis,2005/12/29,,36,
StLouis,2005/12/30,,36,
StLouis,2005/12/31,,36,
StLouis,2006/01/01,,36,
StLouis,2006/01/02,,36,
StLouis,2006/01/03,,36,
StLouis,2006/01/04,,36,
StLouis,2006/01/05,,36,
StLouis,2006/01/06,,36,
StLouis,2006/01/07,,36,
StLouis,2006/01/08,,36,
StLouis,2006/01/09,,36,
StLouis,2006/01/10,,36,
StLouis,2006/01/11,,36,
StLouis,2006/01/12,,36,
StLouis,2006/01/13,,36,
StLouis,2006/01/14,,36,
StLouis,2006/01/15,,36,
StLouis,2006/01/16,,36,
StLouis,2006/01/17,,36,
StLouis,2006/01/18,,36,
StLouis,2006/01/19,,36,
StLouis,2006/01/20,,36,
StLouis,2006/01/21,,36,
StLouis,2006/01/22,,36,
StLouis,2006/01/23,,36,
StLouis,2006/01/24,,36,
StLouis,2006/01/25,,36,
StLouis,2006/01/27,,41,
StLouis,2006/01/28,,41,
StLouis,2006/01/29,,41,
StLouis,2006/01/30,,41,
StLouis,2006/01/31,,41,
StLouis,2006/02/01,,41,
StLouis,2006/02/02,,41,
StLouis,2006/02/03,,41,
StLouis,2006/02/04,,41,
StLouis,2006/02/05,,41,
StLouis,2006/02/06,,41,
StLouis,2006/02/07,,41,
StLouis,2006/02/08,,41,
StLouis,2006/02/09,,41,
StLouis,2006/02/10,,41,
StLouis,2006/02/11,,41,
StLouis,2006/02/12,,49,
StLouis,2006/02/13,,49,
StLouis,2006/02/14,,49,
StLouis,2006/02/15,,49,
StLouis,2006/02/16,,49,
StLouis,2006/02/17,,49,
StLouis,2006/02/18,,49,
StLouis,2006/02/19,,49,
StLouis,2006/02/20,,49,
StLouis,2006/02/21,,49,
StLouis,2006/02/22,,49,
StLouis,2006/02/23,,60,
StLouis,2006/02/24,,60,
StLouis,2006/02/25,,60,
StLouis,2006/02/26,,60,
StLouis,2006/02/27,,60,
StLouis,2006/02/28,,60,
StLouis,2006/03/01,,60,
StLouis,2006/03/02,,60,
StLouis,2006/03/03,,60,
StLouis,2006/03/04,,60,
StLouis,2006/03/05,,60,
StLouis,2006/03/06,,60,
StLouis,2006/03/07,,60,
StLouis,2006/03/08,,60,
StLouis,2006/03/09,6,60,
StLouis,2006/03/10,6,60,
StLouis,2006/03/11,8,60,
StLouis,2006/03/12,8,60,
StLouis,2006/03/13,8,60,
StLouis,2006/03/14,8,60,
StLouis,2006/03/15,8,60,
StLouis,2006/03/16,8,60,6
StLouis,2006/03/17,8,60,6
StLouis,2006/03/18,12,60,
StLouis,2006/03/19,12,60,
StLouis,2006/03/20,12,60,
StLouis,2006/03/21,12,60,
StLouis,2006/03/22,12,60,
StLouis,2006/03/23,16,60,
StLouis,2006/03/24,16,60,
StLouis,2006/03/25,19,60,
StLouis,2006/03/26,19,60,
StLouis,2006/03/27,24,60,
StLouis,2006/03/28,24,60,
StLouis,2006/03/29,30,60,
StLouis,2006/03/30,30,60,
StLouis,2006/03/31,30,60,
StLouis,2006/04/01,36,60,
StLouis,2006/04/02,41,60,
StLouis,2006/04/03,41,60,
StLouis,2006/04/04,41,60,
StLouis,2006/04/05,41,60,
StLouis,2006/04/06,48,60,
StLouis,2006/04/07,48,48,
StLouis,2006/11/28,,3,
StLouis,2006/11/29,,8,
StLouis,2006/11/30,,10,
StLouis,2006/12/01,,12,
StLouis,2006/12/02,,15,
StLouis,2006/12/03,,18,
StLouis,2006/12/04,,24,
StLouis,2006/12/07,,30,
StLouis,2006/12/27,,34,
StLouis,2007/01/08,,34,
StLouis,2007/01/11,,36,
StLouis,2007/01/16,,41,
StLouis,2007/01/19,,46,
StLouis,2007/01/23,,53,
StLouis,2007/01/25,,56,
StLouis,2007/01/29,,59,
StLouis,2007/01/31,,60,
StLouis,2007/02/02,,63,
StLouis,2007/02/05,,64,
StLouis,2007/02/07,,66,
StLouis,2007/02/09,,69,
StLouis,2007/02/12,,70,
StLouis,2007/02/14,,71,
StLouis,2007/02/16,,71,
StLouis,2007/02/20,,73,
StLouis,2007/02/23,,73,
StLouis,2007/02/26,,73,
StLouis,2007/03/01,,75,
StLouis,2007/03/05,,75,
StLouis,2007/03/07,,75,
StLouis,2007/03/09,0,74,
StLouis,2007/03/11,7,73,
StLouis,2007/03/12,7,72,
StLouis,2007/03/14,18,72,
StLouis,2007/03/19,18,72,
StLouis,2007/03/22,15,73,
StLouis,2007/03/26,21,73,
StLouis,2007/03/28,27,73,
StLouis,2007/03/30,30,73,
StLouis,2007/04/02,36,73,
StLouis,2007/04/04,41,72,
StLouis,2007/04/08,46,72,
StLouis,2007/04/11,47,71,
StLouis,2007/04/13,48,71,
StLouis,2007/04/15,50,68,
StLouis,2007/04/18,52,68,
StLouis,2007/04/20,58,67,
StLouis,2007/04/23,64,64,
StLouis,2007/11/21,,3,
StLouis,2007/11/22,,6,
StLouis,2007/11/23,,8,
StLouis,2007/11/24,,10,
StLouis,2007/11/25,,10,
StLouis,2007/11/26,,10,
StLouis,2007/11/27,,12,
StLouis,2007/11/28,,12,
StLouis,2007/11/29,,15,
StLouis,2007/11/30,,18,
StLouis,2007/12/01,,24,
StLouis,2007/12/02,,24,
StLouis,2007/12/03,,24,
StLouis,2007/12/04,,24,
StLouis,2007/12/05,,27,
StLouis,2007/12/06,,27,
StLouis,2007/12/07,,27,
StLouis,2007/12/08,,30,
StLouis,2007/12/09,,33,
StLouis,2007/12/10,,36,
StLouis,2007/12/11,,36,
StLouis,2007/12/12,,36,
StLouis,2007/12/13,,39,
StLouis,2007/12/14,,39,
StLouis,2007/12/15,,39,
StLouis,2007/12/16,,39,
StLouis,2007/12/17,,39,
StLouis,2007/12/18,,39,
StLouis,2007/12/19,,39,
StLouis,2007/12/20,,39,
StLouis,2007/12/21,,39,
StLouis,2007/12/22,,41,
StLouis,2007/12/23,,41,
StLouis,2007/12/24,,41,
StLouis,2007/12/25,,41,
StLouis,2007/12/26,,41,
StLouis,2007/12/27,,41,
StLouis,2007/12/28,,41,
StLouis,2007/12/29,,41,
StLouis,2007/12/30,,41,
StLouis,2007/12/31,,41,
StLouis,2008/01/01,,45,
StLouis,2008/01/02,,45,
StLouis,2008/01/03,,48,
StLouis,2008/01/04,,48,
StLouis,2008/01/05,,48,
StLouis,2008/01/06,,48,
StLouis,2008/01/07,,48,
StLouis,2008/01/08,,48,
StLouis,2008/01/09,,48,
StLouis,2008/01/10,,48,
StLouis,2008/01/11,,48,
StLouis,2008/01/12,,48,
StLouis,2008/01/13,,48,
StLouis,2008/01/14,,48,
StLouis,2008/01/15,,48,
StLouis,2008/01/16,,48,
StLouis,2008/01/17,,48,
StLouis,2008/01/18,,48,
StLouis,2008/01/19,,48,
StLouis,2008/01/20,,48,
StLouis,2008/01/21,,54,
StLouis,2008/01/22,,54,
StLouis,2008/01/23,,54,
StLouis,2008/01/24,,57,
StLouis,2008/01/25,,57,
StLouis,2008/01/26,,57,
StLouis,2008/01/27,,57,
StLouis,2008/01/28,,57,
StLouis,2008/01/29,,60,
StLouis,2008/01/30,,60,
StLouis,2008/01/31,,60,
StLouis,2008/02/01,,60,
StLouis,2008/02/02,,60,
StLouis,2008/02/03,,60,
StLouis,2008/02/04,,60,
StLouis,2008/02/05,,60,
StLouis,2008/02/06,,60,
StLouis,2008/02/07,,60,
StLouis,2008/02/08,,66,
StLouis,2008/02/09,,66,
StLouis,2008/02/10,,66,
StLouis,2008/02/11,,66,
StLouis,2008/02/12,,66,
StLouis,2008/02/13,,66,
StLouis,2008/02/14,,66,
StLouis,2008/02/15,,66,
StLouis,2008/02/16,,66,
StLouis,2008/02/17,,66,
StLouis,2008/02/18,,69,
StLouis,2008/02/19,,69,
StLouis,2008/02/20,,69,
StLouis,2008/02/21,,69,
StLouis,2008/02/22,,69,
StLouis,2008/02/23,,69,
StLouis,2008/02/24,,69,
StLouis,2008/02/25,,69,
StLouis,2008/02/26,,69,
StLouis,2008/02/27,,69,
StLouis,2008/02/28,,69,
StLouis,2008/02/29,,69,
StLouis,2008/03/01,,69,
StLouis,2008/03/02,,69,
StLouis,2008/03/03,,69,
StLouis,2008/03/04,,69,
StLouis,2008/03/05,,69,
StLouis,2008/03/06,,69,
StLouis,2008/03/07,,72,
StLouis,2008/03/08,,72,
StLouis,2008/03/09,,72,
StLouis,2008/03/10,,72,
StLouis,2008/03/11,,72,
StLouis,2008/03/12,6,72,
StLouis,2008/03/13,6,72,
StLouis,2008/03/14,6,72,
StLouis,2008/03/15,6,72,
StLouis,2008/03/16,6,72,
StLouis,2008/03/17,6,72,
StLouis,2008/03/18,6,72,
StLouis,2008/03/19,6,72,
StLouis,2008/03/20,6,72,
StLouis,2008/03/21,6,72,
StLouis,2008/03/22,8,72,
StLouis,2008/03/23,8,72,
StLouis,2008/03/24,8,72,
StLouis,2008/03/25,12,72,
StLouis,2008/03/26,12,72,
StLouis,2008/03/27,12,72,
StLouis,2008/03/28,18,72,
StLouis,2008/03/29,18,72,
StLouis,2008/03/30,18,72,
StLouis,2008/03/31,18,72,
StLouis,2008/04/01,18,72,
StLouis,2008/04/02,24,72,
StLouis,2008/04/03,24,72,
StLouis,2008/04/04,24,72,
StLouis,2008/04/05,24,72,
StLouis,2008/04/06,30,72,
StLouis,2008/04/07,30,72,
StLouis,2008/04/08,36,72,
StLouis,2008/04/09,36,72,
StLouis,2008/04/10,36,72,
StLouis,2008/04/11,36,72,
StLouis,2008/04/12,41,72,
StLouis,2008/04/13,41,72,
StLouis,2008/04/14,41,72,
StLouis,2008/04/15,41,72,
StLouis,2008/04/16,41,72,
StLouis,2008/04/17,48,72,
StLouis,2008/04/18,48,72,
StLouis,2008/04/19,48,72,
StLouis,2008/04/20,48,72,
StLouis,2008/04/21,48,68,
StLouis,2008/04/22,48,68,
StLouis,2008/04/23,48,68,
StLouis,2008/04/24,60,68,
StLouis,2008/04/25,60,68,
StLouis,2008/04/26,60,68,
StLouis,2008/04/27,68,68,
StLouis,2008/04/28,,,
StLouis,2008/11/18,,2,
StLouis,2008/11/19,,6,
StLouis,2008/11/25,,8,
StLouis,2008/11/26,,13,
StLouis,2008/12/01,,16,
StLouis,2008/12/02,,19,
StLouis,2008/12/05,,19,
StLouis,2008/12/06,,25,
StLouis,2008/12/08,,31,
StLouis,2008/12/09,,31,
StLouis,2009/02/02,,73,
StLouis,2009/02/03,,73,
StLouis,2009/02/08,,73,
StLouis,2009/02/11,,73,
StLouis,2009/02/17,,73,
StLouis,2009/02/24,,73,
StLouis,2009/02/25,,73,
StLouis,2009/03/03,,73,
StLouis,2009/03/04,,73,
StLouis,2009/03/05,0,73,
StLouis,2009/03/06,6,73,
StLouis,2009/03/09,3,73,
StLouis,2009/03/10,0,73,
StLouis,2009/03/11,0,73,
StLouis,2009/03/12,0,73,
StLouis,2009/03/13,0,73,
StLouis,2009/03/14,6,73,
StLouis,2009/03/15,8,73,
StLouis,2009/03/16,8,73,
StLouis,2009/03/17,8,73,
StLouis,2009/03/18,8,73,
StLouis,2009/03/19,8,73,
StLouis,2009/03/20,3,73,
StLouis,2009/03/21,8,73,
StLouis,2009/03/22,12,73,
StLouis,2009/03/23,16,73,
StLouis,2009/03/24,19,73,0
StLouis,2009/03/25,19,73,4
StLouis,2009/03/26,16,73,12
StLouis,2009/03/27,13,73,0
StLouis,2009/03/28,13,73,
StLouis,2009/03/29,19,73,
StLouis,2009/03/31,19,73,
StLouis,2009/04/04,25,73,
StLouis,2009/04/10,31,73,
StLouis,2009/04/12,37,73,
StLouis,2009/04/14,41,73,
StLouis,2009/04/17,49,73,
StLouis,2009/04/24,61,73,
StLouis,2009/04/29,61,73,
StLouis,2009/04/30,73,73,
StLouis,2009/11/16,,0,
StLouis,2009/11/29,,6,
StLouis,2009/12/03,,8,
StLouis,2009/12/07,,18,
StLouis,2009/12/08,,20,
StLouis,2009/12/09,,24,
StLouis,2009/12/10,,24,
StLouis,2009/12/11,,24,
StLouis,2009/12/14,,37,
StLouis,2009/12/15,,37,
StLouis,2009/12/16,,37,
StLouis,2009/12/17,,41,
StLouis,2009/12/18,,41,
StLouis,2009/12/22,,49,
StLouis,2009/12/23,,49,
StLouis,2009/12/28,,49,
StLouis,2009/12/29,,49,
StLouis,2009/12/31,,49,
StLouis,2010/01/04,,49,
StLouis,2010/01/05,,49,
StLouis,2010/01/06,,49,
StLouis,2010/01/07,,54,
StLouis,2010/01/08,,61,
StLouis,2010/01/10,,61,
StLouis,2010/01/11,,61,
StLouis,2010/01/15,,61,
StLouis,2010/01/19,,61,
StLouis,2010/01/20,,61,
StLouis,2010/01/21,,61,
StLouis,2010/01/22,,61,
StLouis,2010/01/26,,61,
StLouis,2010/01/27,,61,
StLouis,2010/01/28,,61,
StLouis,2010/02/01,,61,
StLouis,2010/02/02,,61,
StLouis,2010/02/03,,61,
StLouis,2010/02/04,,61,
StLouis,2010/02/05,,61,
StLouis,2010/02/08,,73,
StLouis,2010/02/09,,73,
StLouis,2010/02/10,,61,
StLouis,2010/02/12,,61,
StLouis,2010/02/16,,73,
StLouis,2010/02/17,,73,
StLouis,2010/02/18,,73,
StLouis,2010/02/19,,73,
StLouis,2010/02/22,,73,
StLouis,2010/02/23,,73,
StLouis,2010/02/24,,73,
StLouis,2010/02/25,,73,
StLouis,2010/02/26,,73,
StLouis,2010/03/01,,73,
StLouis,2010/03/02,3,73,
StLouis,2010/03/03,3,73,
StLouis,2010/03/04,3,73,
StLouis,2010/03/05,3,73,
StLouis,2010/03/08,8,73,
StLouis,2010/03/09,16,73,
StLouis,2010/03/10,19,73,
StLouis,2010/03/11,19,73,
StLouis,2010/03/12,19,73,
StLouis,2010/03/15,25,73,
StLouis,2010/03/16,25,73,
StLouis,2010/03/17,31,73,
StLouis,2010/03/18,31,73,
StLouis,2010/03/19,31,73,
StLouis,2010/03/22,31,73,
StLouis,2010/03/23,37,73,
StLouis,2010/03/24,37,73,
StLouis,2010/03/25,37,73,
StLouis,2010/03/26,37,73,
StLouis,2010/03/29,37,73,0
StLouis,2010/03/30,41,73,
StLouis,2010/03/31,41,73,
StLouis,2010/04/01,41,73,
StLouis,2010/04/02,49,73,
StLouis,2010/04/05,49,73,
StLouis,2010/04/06,49,73,
StLouis,2010/04/07,49,73,
StLouis,2010/04/08,61,61,
StLouis,2010/11/16,0,0,
StLouis,2010/11/22,0,13,
StLouis,2010/11/23,,13,
StLouis,2010/11/26,,19,
StLouis,2010/11/28,,19,
StLouis,2010/11/29,,19,
StLouis,2010/11/30,,19,
StLouis,2010/12/02,,19,
StLouis,2010/12/06,,19,
StLouis,2010/12/07,,25,
StLouis,2010/12/09,,31,
StLouis,2010/12/10,,31,
StLouis,2010/12/13,,37,
StLouis,2010/12/14,,37,
StLouis,2010/12/15,,37,
StLouis,2010/12/16,,41,
StLouis,2010/12/17,,41,
StLouis,2010/12/20,,49,
StLouis,2010/12/21,,49,
StLouis,2010/12/22,,49,
StLouis,2010/12/28,,49,
StLouis,2010/12/29,,49,
StLouis,2010/12/30,,49,
StLouis,2011/01/03,,49,
StLouis,2011/01/04,,49,
StLouis,2011/01/05,,49,
StLouis,2011/01/06,,49,
StLouis,2011/01/07,,49,
StLouis,2011/01/12,,61,
StLouis,2011/01/18,,61,
StLouis,2011/01/19,,61,
StLouis,2011/01/20,,61,
StLouis,2011/01/21,,61,
StLouis,2011/01/24,,61,
StLouis,2011/01/25,,61,
StLouis,2011/01/26,,61,
StLouis,2011/01/27,,61,
StLouis,2011/01/28,,61,
StLouis,2011/02/01,,61,
StLouis,2011/02/02,,61,
StLouis,2011/02/07,,61,
StLouis,2011/02/08,,61,
StLouis,2011/02/09,,61,
StLouis,2011/02/15,0,61,
StLouis,2011/02/16,0,61,
StLouis,2011/02/17,3,61,
StLouis,2011/02/18,6,61,
StLouis,2011/02/22,0,61,
StLouis,2011/02/23,0,61,
StLouis,2011/02/24,0,61,
StLouis,2011/02/25,0,61,
StLouis,2011/02/28,0,61,
StLouis,2011/03/01,0,61,
StLouis,2011/03/02,0,61,
StLouis,2011/03/03,0,61,
StLouis,2011/03/04,,61,
StLouis,2011/03/07,,61,
StLouis,2011/03/08,0,61,
StLouis,2011/03/09,3,61,
StLouis,2011/03/10,3,61,
StLouis,2011/03/14,3,61,
StLouis,2011/03/15,6,61,
StLouis,2011/03/16,8,61,
StLouis,2011/03/17,8,61,
StLouis,2011/03/18,8,61,
StLouis,2011/03/21,16,61,
StLouis,2011/03/22,19,61,
StLouis,2011/03/24,19,61,
StLouis,2011/03/25,19,61,
StLouis,2011/03/28,19,61,
StLouis,2011/03/29,19,61,
StLouis,2011/03/30,25,61,
StLouis,2011/03/31,25,61,
StLouis,2011/04/01,25,61,
StLouis,2011/04/04,25,61,
StLouis,2011/04/05,25,61,
StLouis,2011/04/06,25,61,
StLouis,2011/04/07,31,61,
StLouis,2011/04/08,31,61,
StLouis,2011/04/11,41,61,
StLouis,2011/04/12,41,61,
StLouis,2011/04/13,41,61,
StLouis,2011/04/14,41,61,
StLouis,2011/04/15,49,61,
StLouis,2011/04/18,49,61,
StLouis,2011/04/19,49,61,
StLouis,2011/04/20,49,61,
StLouis,2011/04/21,49,61,
StLouis,2011/04/23,61,61,
StLouis,2011/11/16,,3,
StLouis,2011/11/17,,6,
StLouis,2011/11/18,,8,
StLouis,2011/11/20,,13,
StLouis,2011/11/22,,16,
StLouis,2011/11/28,,13,
StLouis,2011/11/30,,8,
StLouis,2011/12/02,,16,
StLouis,2011/12/06,,19,
StLouis,2011/12/08,,19,
StLouis,2011/12/09,,19,
StLouis,2011/12/12,,31,
StLouis,2011/12/14,,31,
StLouis,2011/12/15,,31,
StLouis,2011/12/16,,31,
StLouis,2011/12/19,,31,
StLouis,2011/12/20,,31,
StLouis,2011/12/21,,31,
StLouis,2011/12/22,,31,
StLouis,2011/12/27,,37,
StLouis,2011/12/28,,37,
StLouis,2011/12/29,,37,
StLouis,2011/12/30,0,37,
StLouis,2012/01/02,,37,
StLouis,2012/01/04,,37,
StLouis,2012/01/05,,41,
StLouis,2012/01/06,,41,
StLouis,2012/01/09,0,41,
StLouis,2012/01/10,0,41,
StLouis,2012/01/12,0,41,
StLouis,2012/01/13,0,41,
StLouis,2012/01/17,0,49,
StLouis,2012/01/19,,49,
StLouis,2012/01/20,,49,
StLouis,2012/01/23,,49,
StLouis,2012/01/24,,49,
StLouis,2012/01/25,,49,
StLouis,2012/01/26,,49,
StLouis,2012/01/27,,49,
StLouis,2012/01/30,,49,
StLouis,2012/01/31,,49,
StLouis,2012/02/01,0,49,
StLouis,2012/02/02,,61,
StLouis,2012/02/03,0,61,
StLouis,2012/02/06,0,61,
StLouis,2012/02/07,0,61,
StLouis,2012/02/08,0,61,
StLouis,2012/02/13,0,61,
StLouis,2012/02/16,0,61,
StLouis,2012/02/21,0,61,
StLouis,2012/02/22,0,61,
StLouis,2012/02/23,0,61,
StLouis,2012/02/27,0,61,
StLouis,2012/02/28,0,61,
StLouis,2012/02/29,0,61,
StLouis,2012/03/01,0,61,
StLouis,2012/03/02,3,61,
StLouis,2012/03/05,3,61,
StLouis,2012/03/06,0,61,
StLouis,2012/03/07,6,61,
StLouis,2012/03/08,3,61,
StLouis,2012/03/09,0,61,
StLouis,2012/03/12,8,61,
StLouis,2012/03/13,8,61,
StLouis,2012/03/14,19,61,
StLouis,2012/03/15,19,61,
StLouis,2012/03/17,19,61,
StLouis,2012/03/19,31,61,
StLouis,2012/03/20,37,61,
StLouis,2012/03/21,41,61,
StLouis,2012/03/23,41,41,
StLouis,2012/11/24,,0,
StLouis,2012/11/26,,13,
StLouis,2012/12/10,,19,
StLouis,2012/12/13,,19,
StLouis,2012/12/14,,31,
StLouis,2012/12/17,,19,
StLouis,2012/12/22,,37,
StLouis,2012/12/25,,41,
StLouis,2012/12/31,,49,
StLouis,2013/01/14,,49,
StLouis,2013/01/15,,49,
StLouis,2013/01/16,,49,
StLouis,2013/01/18,,49,
StLouis,2013/02/13,,61,
StLouis,2013/02/15,,61,
StLouis,2013/02/25,,73,
StLouis,2013/02/26,,73,
StLouis,2013/02/27,,73,
StLouis,2013/02/28,3,73,
StLouis,2013/03/01,3,73,
StLouis,2013/03/04,,73,
StLouis,2013/03/05,3,73,
StLouis,2013/03/06,,73,
StLouis,2013/03/08,,73,
StLouis,2013/03/11,0,73,
StLouis,2013/03/13,,73,
StLouis,2013/03/14,3,73,
StLouis,2013/03/15,3,73,
StLouis,2013/03/18,3,73,
StLouis,2013/03/19,0,73,
StLouis,2013/03/20,0,73,
StLouis,2013/03/21,0,73,
StLouis,2013/03/22,0,73,
StLouis,2013/03/25,3,73,
StLouis,2013/03/26,6,73,
StLouis,2013/03/27,8,73,
StLouis,2013/03/29,16,73,
StLouis,2013/04/01,25,73,
StLouis,2013/04/02,25,73,
StLouis,2013/04/03,19,73,
StLouis,2013/04/04,25,73,
StLouis,2013/04/05,25,61,
StLouis,2013/04/08,25,61,
StLouis,2013/04/09,25,61,
StLouis,2013/04/10,25,61,
StLouis,2013/04/11,25,61,
StLouis,2013/04/12,25,61,
StLouis,2013/04/15,25,61,
StLouis,2013/04/16,31,61,
StLouis,2013/04/17,31,61,
StLouis,2013/04/22,37,61,
StLouis,2013/04/23,37,61,
StLouis,2013/04/24,41,61,
StLouis,2013/04/25,41,61,
StLouis,2013/04/29,49,61,
StLouis,2013/04/30,61,61,
StLouis,2013/11/21,,0,
StLouis,2013/11/26,,13,
StLouis,2013/11/27,,13,
StLouis,2013/12/02,,19,
StLouis,2013/12/04,,19,
StLouis,2013/12/06,,19,
StLouis,2013/12/09,,19,
StLouis,2013/12/10,,19,
StLouis,2013/12/12,,37,
StLouis,2013/12/13,,41,
StLouis,2013/12/16,,41,
StLouis,2014/01/01,,61,
StLouis,2014/01/15,,73,
StLouis,2014/01/17,,73,
StLouis,2014/01/21,,73,
StLouis,2014/01/22,,73,
StLouis,2014/01/23,,73,
StLouis,2014/01/24,,73,
StLouis,2014/01/27,,73,
StLouis,2014/01/28,,73,
StLouis,2014/01/29,,73,
StLouis,2014/01/30,,73,
StLouis,2014/01/31,,73,
StLouis,2014/02/07,,73,
StLouis,2014/02/10,,85,
StLouis,2014/02/11,,85,
StLouis,2014/02/14,,85,
StLouis,2014/02/18,,85,
StLouis,2014/02/19,,85,
StLouis,2014/02/24,,85,
StLouis,2014/02/25,,85,
StLouis,2014/02/27,,85,
StLouis,2014/03/03,,97,
StLouis,2014/03/04,,97,
StLouis,2014/03/05,,97,
StLouis,2014/03/06,,97,
StLouis,2014/03/07,,97,
StLouis,2014/03/10,3,97,
StLouis,2014/03/11,3,97,
StLouis,2014/03/12,6,97,
StLouis,2014/03/13,6,97,
StLouis,2014/03/14,3,97,
StLouis,2014/03/17,3,97,
StLouis,2014/03/18,3,97,
StLouis,2014/03/19,0,97,
StLouis,2014/03/20,3,97,
StLouis,2014/03/21,3,97,
StLouis,2014/03/23,3,97,
StLouis,2014/03/25,3,97,
StLouis,2014/03/26,3,97,
StLouis,2014/03/27,3,97,
StLouis,2014/03/28,3,97,
StLouis,2014/03/31,6,97,
StLouis,2014/04/01,8,97,
StLouis,2014/04/02,8,97,
StLouis,2014/04/03,3,97,
StLouis,2014/04/07,25,97,
StLouis,2014/04/08,25,97,
StLouis,2014/04/09,25,97,
StLouis,2014/04/11,31,97,
StLouis,2014/04/14,37,97,
StLouis,2014/04/15,37,97,
StLouis,2014/04/16,37,97,
StLouis,2014/04/17,37,97,
StLouis,2014/04/21,37,97,
StLouis,2014/04/23,41,97,
StLouis,2014/04/25,41,97,
StLouis,2014/04/28,49,97,
StLouis,2014/04/29,49,97,
StLouis,2014/04/30,49,85,
StLouis,2014/05/01,49,85,
StLouis,2014/05/02,49,85,
StLouis,2014/05/05,49,85,
StLouis,2014/05/07,49,85,
StLouis,2014/05/08,61,85,
StLouis,2014/05/09,61,85,
StLouis,2014/05/13,73,85,
StLouis,2014/05/14,73,85,
StLouis,2014/05/19,73,85,
StLouis,2014/05/20,73,85,
StLouis,2014/05/21,73,85,
StLouis,2014/05/22,73,85,
StLouis,2014/05/27,85,85,
StLouis,2014/11/10,,0,
StLouis,2014/11/12,,6,
StLouis,2014/11/13,,13,
StLouis,2014/11/19,,19,
StLouis,2014/11/24,,25,
StLouis,2014/11/25,,25,
StLouis,2014/12/01,,31,
StLouis,2014/12/02,,31,
StLouis,2014/12/03,,31,
StLouis,2014/12/04,,37,
StLouis,2014/12/05,,37,
StLouis,2014/12/08,,41,
StLouis,2014/12/09,,41,
StLouis,2014/12/12,0,41,
StLouis,2014/12/15,3,41,
StLouis,2014/12/16,3,41,
StLouis,2014/12/17,0,41,
StLouis,2014/12/18,,41,
StLouis,2014/12/19,,41,
StLouis,2014/12/22,,41,
StLouis,2014/12/23,,41,
StLouis,2014/12/30,,41,
StLouis,2014/12/31,,41,
StLouis,2015/01/05,,49,
StLouis,2015/01/06,,49,
StLouis,2015/01/07,,49,
StLouis,2015/01/08,,49,
StLouis,2015/01/09,,49,
StLouis,2015/01/12,,61,
StLouis,2015/01/13,,61,
StLouis,2015/01/14,,61,
StLouis,2015/01/15,,61,
StLouis,2015/01/16,,61,
StLouis,2015/01/20,,61,
StLouis,2015/01/21,,61,
StLouis,2015/01/22,,61,
StLouis,2015/01/23,,61,
StLouis,2015/01/26,,61,
StLouis,2015/01/27,0,61,
StLouis,2015/01/28,0,61,
StLouis,2015/01/30,0,61,
StLouis,2015/02/02,0,61,
StLouis,2015/02/04,0,61,
StLouis,2015/02/05,0,61,
StLouis,2015/02/06,,61,
StLouis,2015/02/09,,61,
StLouis,2015/02/10,0,61,
StLouis,2015/02/11,0,61,
StLouis,2015/02/13,0,61,
StLouis,2015/02/17,0,61,
StLouis,2015/02/18,0,61,
StLouis,2015/02/19,0,61,
StLouis,2015/02/20,0,61,
StLouis,2015/02/23,0,73,
StLouis,2015/02/24,0,73,
StLouis,2015/02/26,0,73,
StLouis,2015/02/27,0,73,
StLouis,2015/03/02,0,73,
StLouis,2015/03/03,0,73,
StLouis,2015/03/04,0,73,
StLouis,2015/03/05,0,73,
StLouis,2015/03/06,0,73,
StLouis,2015/03/09,3,73,
StLouis,2015/03/10,2,73,
StLouis,2015/03/12,8,73,
StLouis,2015/03/13,8,73,
StLouis,2015/03/16,16,73,
StLouis,2015/03/17,19,73,
StLouis,2015/03/18,19,73,
StLouis,2015/03/20,19,73,
StLouis,2015/03/23,19,73,
StLouis,2015/03/26,25,73,
StLouis,2015/03/27,25,73,
StLouis,2015/03/30,25,73,
StLouis,2015/03/31,25,73,
StLouis,2015/04/01,25,73,
StLouis,2015/04/02,31,73,
StLouis,2015/04/06,37,61,
StLouis,2015/04/07,37,61,
StLouis,2015/04/08,37,61,
StLouis,2015/04/09,37,61,
StLouis,2015/04/10,41,61,
StLouis,2015/04/13,41,61,
StLouis,2015/04/14,41,61,
StLouis,2015/04/15,49,61,
StLouis,2015/04/16,49,61,
StLouis,2015/04/17,49,61,
StLouis,2015/04/20,61,61,
StLouis,2015/11/19,0,0,
StLouis,2015/11/20,0,6,
StLouis,2015/11/30,0,13,
StLouis,2015/12/02,0,16,
StLouis,2015/12/03,0,16,
StLouis,2015/12/07,0,13,
StLouis,2015/12/11,3,13,
StLouis,2015/12/14,0,6,
StLouis,2015/12/16,0,6,
StLouis,2015/12/17,0,8,
StLouis,2015/12/18,0,8,
StLouis,2015/12/21,0,16,
StLouis,2015/12/22,0,19,
StLouis,2015/12/28,0,19,
StLouis,2015/12/29,0,25,
StLouis,2015/12/30,0,25,
StLouis,2015/12/31,0,31,
StLouis,2016/01/02,0,37,
StLouis,2016/01/04,0,37,
StLouis,2016/01/05,0,37,
StLouis,2016/01/06,0,37,
StLouis,2016/01/07,0,37,
StLouis,2016/01/08,0,37,
StLouis,2016/01/11,0,37,
StLouis,2016/01/12,0,37,
StLouis,2016/01/13,0,41,
StLouis,2016/01/14,0,41,
StLouis,2016/01/15,0,41,
StLouis,2016/01/19,0,49,
StLouis,2016/01/20,0,49,
StLouis,2016/01/21,0,49,
StLouis,2016/01/22,0,49,
StLouis,2016/01/25,0,61,
StLouis,2016/01/26,0,61,
StLouis,2016/01/27,0,61,
StLouis,2016/01/28,0,61,
StLouis,2016/01/29,0,61,
StLouis,2016/02/01,0,61,
StLouis,2016/02/02,0,61,
StLouis,2016/02/03,0,61,
StLouis,2016/02/04,0,61,
StLouis,2016/02/08,0,61,
StLouis,2016/02/09,0,61,
StLouis,2016/02/10,0,61,
StLouis,2016/02/11,0,61,
StLouis,2016/02/16,0,61,
StLouis,2016/02/17,0,61,
StLouis,2016/02/18,0,61,
StLouis,2016/02/19,0,61,
StLouis,2016/02/22,0,61,
StLouis,2016/02/24,0,61,
StLouis,2016/02/25,0,61,
StLouis,2016/02/26,0,61,
StLouis,2016/02/29,0,61,
StLouis,2016/03/01,0,61,
StLouis,2016/03/02,0,61,
StLouis,2016/03/03,0,61,
StLouis,2016/03/04,0,61,
StLouis,2016/03/07,2,61,
StLouis,2016/03/08,6,61,
StLouis,2016/03/09,8,61,
StLouis,2016/03/10,8,61,
StLouis,2016/03/14,25,61,
StLouis,2016/03/15,25,61,
StLouis,2016/03/16,25,61,
StLouis,2016/03/17,25,61,
StLouis,2016/03/18,25,61,
StLouis,2016/03/22,25,61,
StLouis,2016/03/23,25,61,
StLouis,2016/03/28,25,61,
StLouis,2016/03/29,37,61,
StLouis,2016/03/30,37,61,
StLouis,2016/03/31,37,61,
StLouis,2016/04/04,61,61,
StLouis,2016/11/22,0,0,0
StLouis,2016/11/28,0,0,0
StLouis,2016/11/29,0,0,0
StLouis,2016/12/27,0,37,0
StLouis,2016/12/28,0,37,0
StLouis,2016/12/29,0,37,0
StLouis,2017/01/05,0,41,0
StLouis,2017/01/08,0,41,0
StLouis,2017/01/18,0,49,0
StLouis,2017/01/19,0,49,0
StLouis,2017/01/24,0,49,0
StLouis,2017/01/25,0,61,0
StLouis,2017/01/27,0,61,0
StLouis,2017/01/30,0,49,0
StLouis,2017/01/31,0,49,0
StLouis,2017/02/01,0,49,0
StLouis,2017/02/05,0,49,0
StLouis,2017/02/07,0,49,0
StLouis,2017/02/08,0,49,0
StLouis,2017/02/09,0,49,0
StLouis,2017/02/10,0,61,0
StLouis,2017/02/13,0,61,0
StLouis,2017/02/14,0,61,0
StLouis,2017/02/15,0,61,0
StLouis,2017/02/16,0,61,0
StLouis,2017/02/17,0,61,0
StLouis,2017/02/20,6,61,0
StLouis,2017/02/27,0,61,0
StLouis,2017/03/01,0,61,0
StLouis,2017/03/02,0,61,0
StLouis,2017/03/03,0,61,0
StLouis,2017/03/06,0,49,0
StLouis,2017/03/07,0,49,0
StLouis,2017/03/09,0,49,0
StLouis,2017/03/13,0,49,0
StLouis,2017/03/14,0,49,0
StLouis,2017/03/15,0,49,0
StLouis,2017/03/16,0,49,0
StLouis,2017/03/17,0,49,0
StLouis,2017/03/20,0,49,0
StLouis,2017/03/22,8,49,0
StLouis,2017/03/23,8,49,0
StLouis,2017/03/24,8,49,0
StLouis,2017/03/28,19,49,0
StLouis,2017/03/30,25,49,0
StLouis,2017/03/31,25,49,0
StLouis,2017/04/03,41,41,0
StLouis,2017/11/11,0,0,0
StLouis,2017/11/13,0,13,0
StLouis,2017/11/14,0,13,0
StLouis,2017/11/16,0,13,0
StLouis,2017/11/17,0,13,0
StLouis,2017/11/21,0,13,0
StLouis,2017/11/27,0,16,0
StLouis,2017/11/28,0,16,0
StLouis,2017/11/29,0,13,0
StLouis,2017/12/01,0,13,0
StLouis,2017/12/04,0,13,0
StLouis,2017/12/05,0,13,0
StLouis,2017/12/08,0,16,0
StLouis,2017/12/11,0,19,0
StLouis,2017/12/12,0,19,0
StLouis,2017/12/13,0,19,0
StLouis,2017/12/14,0,19,0
StLouis,2017/12/15,0,19,0
StLouis,2017/12/18,0,31,0
StLouis,2017/12/19,0,31,0
StLouis,2017/12/20,0,31,0
StLouis,2017/12/21,0,31,0
StLouis,2017/12/22,0,31,0
StLouis,2017/12/26,0,37,0
StLouis,2017/12/27,0,37,0
StLouis,2017/12/28,0,37,0
StLouis,2018/01/02,0,49,0
StLouis,2018/01/03,0,49,0
StLouis,2018/01/05,0,49,0
StLouis,2018/01/08,0,49,0
StLouis,2018/01/09,0,49,0
StLouis,2018/01/10,0,49,0
StLouis,2018/01/11,0,61,0
StLouis,2018/01/12,0,61,0
StLouis,2018/01/18,0,61,0
StLouis,2018/01/19,0,61,0
StLouis,2018/01/22,0,61,0
StLouis,2018/01/23,0,61,0
StLouis,2018/01/24,0,61,0
StLouis,2018/01/25,0,61,0
StLouis,2018/01/26,0,61,0
StLouis,2018/01/29,0,61,0
StLouis,2018/01/30,0,61,0
StLouis,2018/01/31,0,61,0
StLouis,2018/02/02,0,61,0
StLouis,2018/02/05,0,61,0
StLouis,2018/02/06,0,61,0
StLouis,2018/02/07,0,61,0
StLouis,2018/02/09,0,73,0
StLouis,2018/02/12,0,73,0
StLouis,2018/02/13,0,73,0
StLouis,2018/02/16,0,73,0
StLouis,2018/02/20,0,73,0
StLouis,2018/02/22,0,73,0
StLouis,2018/02/26,0,73,0
StLouis,2018/02/27,0,73,0
StLouis,2018/02/28,0,73,0
StLouis,2018/03/01,0,73,0
StLouis,2018/03/02,0,73,0
StLouis,2018/03/05,0,73,0
StLouis,2018/03/06,0,73,0
StLouis,2018/03/07,0,73,0
StLouis,2018/03/08,0,73,0
StLouis,2018/03/09,0,73,0
StLouis,2018/03/12,0,73,0
StLouis,2018/03/13,0,73,0
StLouis,2018/03/15,6,73,0
StLouis,2018/03/16,13,73,0
StLouis,2018/03/19,16,73,0
StLouis,2018/03/20,16,73,0
StLouis,2018/03/21,19,73,0
StLouis,2018/03/22,19,73,0
StLouis,2018/03/23,19,61,0
StLouis,2018/03/26,19,61,0
StLouis,2018/03/27,19,61,0
StLouis,2018/03/28,19,61,0
StLouis,2018/03/29,19,61,0
StLouis,2018/03/30,19,61,0
StLouis,2018/04/02,19,61,0
StLouis,2018/04/03,19,61,0
StLouis,2018/04/04,19,61,0
StLouis,2018/04/05,19,61,0
StLouis,2018/04/06,19,61,0
StLouis,2018/04/09,19,61,0
StLouis,2018/04/10,19,61,0
StLouis,2018/04/11,19,61,0
StLouis,2018/04/12,31,61,0
StLouis,2018/04/13,37,61,0
StLouis,2018/04/16,37,61,0
StLouis,2018/04/17,41,61,0
StLouis,2018/04/18,41,61,0
StLouis,2018/04/19,41,61,0
StLouis,2018/04/23,49,61,0
StLouis,2018/04/24,49,61,0
StLouis,2018/04/25,54,54,0
StLouis,2018/11/03,0,0,
StLouis,2018/11/13,0,13,
StLouis,2018/11/14,,13,
StLouis,2018/11/15,0,13,
StLouis,2018/11/19,0,13,
StLouis,2018/11/20,0,16,
StLouis,2018/11/21,0,16,
StLouis,2018/11/26,0,19,
StLouis,2018/11/27,0,19,
StLouis,2018/11/28,0,19,
StLouis,2018/11/29,0,19,
StLouis,2018/11/30,0,19,
StLouis,2018/12/04,0,19,
StLouis,2018/12/05,0,19,
StLouis,2018/12/06,0,19,
StLouis,2018/12/07,0,19,
StLouis,2018/12/10,0,19,
StLouis,2018/12/11,0,31,
StLouis,2018/12/13,0,31,
StLouis,2018/12/14,0,31,
StLouis,2018/12/17,0,31,
StLouis,2018/12/18,0,31,
StLouis,2018/12/19,0,31,
StLouis,2018/12/20,0,31,
StLouis,2018/12/21,0,31,
StLouis,2018/12/27,0,31,
StLouis,2018/12/28,0,37,
StLouis,2018/12/31,0,37,
StLouis,2019/01/03,0,37,
StLouis,2019/01/04,0,37,
StLouis,2019/01/07,0,41,
StLouis,2019/01/08,0,41,
StLouis,2019/01/09,0,41,
StLouis,2019/01/10,0,41,
StLouis,2019/01/11,0,41,
StLouis,2019/01/14,0,41,
StLouis,2019/01/15,0,49,
StLouis,2019/01/17,0,49,
StLouis,2019/01/22,0,49,
StLouis,2019/01/24,0,49,
StLouis,2019/01/25,0,49,
StLouis,2019/01/28,0,49,
StLouis,2019/01/29,0,61,
StLouis,2019/01/30,0,61,
StLouis,2019/01/31,0,61,
StLouis,2019/02/01,0,61,
StLouis,2019/02/04,0,61,
StLouis,2019/02/05,0,61,
StLouis,2019/02/06,0,61,
StLouis,2019/02/07,0,61,
StLouis,2019/02/08,0,61,
StLouis,2019/02/11,0,61,
StLouis,2019/02/14,0,73,
StLouis,2019/02/15,0,73,
StLouis,2019/02/19,0,73,
StLouis,2019/02/20,0,73,
StLouis,2019/02/25,0,73,
StLouis,2019/02/26,0,73,
StLouis,2019/02/28,0,73,
StLouis,2019/03/01,0,73,
StLouis,2019/03/04,0,73,
StLouis,2019/03/05,0,73,
StLouis,2019/03/06,0,73,
StLouis,2019/03/08,0,73,
StLouis,2019/03/11,0,73,
StLouis,2019/03/12,0,73,
StLouis,2019/03/13,0,73,
StLouis,2019/03/14,0,73,
StLouis,2019/03/15,0,73,
StLouis,2019/03/18,0,73,
StLouis,2019/03/19,6,73,
StLouis,2019/03/20,8,73,
StLouis,2019/03/21,8,73,
StLouis,2019/03/22,16,73,
StLouis,2019/03/25,19,73,
StLouis,2019/03/26,19,61,
StLouis,2019/03/27,19,61,
StLouis,2019/03/28,19,61,
StLouis,2019/03/29,19,73,
StLouis,2019/04/01,31,61,
StLouis,2019/04/02,31,61,
StLouis,2019/04/03,31,61,
StLouis,2019/04/04,37,61,
StLouis,2019/04/05,37,61,
StLouis,2019/04/08,37,61,
StLouis,2019/04/09,37,61,
StLouis,2019/04/10,41,61,
StLouis,2019/04/11,49,61,
StLouis,2019/04/12,41,61,
StLouis,2019/04/15,49,61,
StLouis,2019/04/16,49,61,
StLouis,2019/04/17,49,61,
StLouis,2019/04/18,49,61,
StLouis,2019/04/22,49,61,
StLouis,2019/04/23,61,61,
StLouis,2019/11/06,0,0,
StLouis,2019/11/07,0,0,
StLouis,2019/11/08,0,6,
StLouis,2019/11/12,0,8,
StLouis,2019/11/13,0,8,
StLouis,2019/11/14,0,13,
StLouis,2019/11/15,0,16,
StLouis,2019/11/18,0,16,
StLouis,2019/11/19,0,16,
StLouis,2019/11/20,0,16,
StLouis,2019/11/25,0,8,
StLouis,2019/11/26,0,8,
StLouis,2019/12/02,0,8,
StLouis,2019/12/03,0,8,
StLouis,2019/12/04,0,8,
StLouis,2019/12/06,0,8,
StLouis,2019/12/11,0,13,
StLouis,2019/12/12,0,19,
StLouis,2019/12/13,0,19,
StLouis,2019/12/16,0,31,
StLouis,2019/12/17,0,31,
StLouis,2019/12/18,0,31,
StLouis,2019/12/19,0,31,
StLouis,2019/12/20,0,31,
StLouis,2019/12/21,0,31,
StLouis,2019/12/24,0,37,
StLouis,2019/12/27,0,41,
StLouis,2019/12/30,0,41,
StLouis,2019/12/31,0,41,
StLouis,2020/01/02,0,41,
StLouis,2020/01/24,0,49,
StLouis,2020/01/27,0,49,
StLouis,2020/01/28,0,49,
StLouis,2020/01/29,0,49,
StLouis,2020/01/30,0,49,
StLouis,2020/02/03,0,49,
StLouis,2020/02/04,0,49,
StLouis,2020/02/05,0,49,
StLouis,2020/02/06,0,49,
StLouis,2020/02/07,0,49,
StLouis,2020/02/10,0,49,
StLouis,2020/02/11,0,49,
StLouis,2020/02/12,0,49,
StLouis,2020/02/13,0,61,
StLouis,2020/02/14,0,61,
StLouis,2020/02/18,0,61,
StLouis,2020/02/19,0,61,
StLouis,2020/02/20,0,61,
StLouis,2020/02/24,0,61,
StLouis,2020/02/25,0,61,
StLouis,2020/02/26,0,61,
StLouis,2020/02/28,0,61,
StLouis,2020/03/02,0,61,
StLouis,2020/03/03,0,61,
StLouis,2020/03/04,0,61,
StLouis,2020/03/05,0,61,
StLouis,2020/03/06,0,61,
StLouis,2020/03/07,0,61,
StLouis,2020/03/09,8,61,
StLouis,2020/03/10,8,61,
StLouis,2020/03/11,8,61,
StLouis,2020/03/12,8,61,
StLouis,2020/03/13,8,61,
StLouis,2020/03/16,8,61,
StLouis,2020/03/17,13,61,
StLouis,2020/03/18,13,61,
StLouis,2020/03/23,0,61,
StLouis,2020/03/24,16,61,
StLouis,2020/03/25,19,49,
StLouis,2020/03/30,31,49,
StLouis,2020/03/31,31,49,
StLouis,2020/04/02,37,49,
StLouis,2020/04/04,41,49,
StLouis,2020/04/06,49,49,
StLouis,2020/11/12,0,0,
StLouis,2020/11/16,,0,
StLouis,2020/11/17,,0,
StLouis,2020/11/18,,0,
StLouis,2020/11/20,,0,
StLouis,2020/11/23,,0,
StLouis,2020/11/24,,6,
StLouis,2020/11/25,,0,
StLouis,2020/11/30,,6,
StLouis,2020/12/01,,8,
StLouis,2020/12/03,0,8,
StLouis,2020/12/04,0,13,
StLouis,2020/12/07,0,16,
StLouis,2020/12/08,0,16,
StLouis,2020/12/09,0,16,
StLouis,2020/12/10,0,8,
StLouis,2020/12/11,0,13,
StLouis,2020/12/14,0,8,
StLouis,2020/12/15,0,8,
StLouis,2020/12/16,0,16,
StLouis,2020/12/17,0,16,
StLouis,2020/12/18,0,16,
StLouis,2020/12/21,0,16,
StLouis,2020/12/22,0,16,
StLouis,2020/12/28,0,31,
StLouis,2020/12/29,0,31,
StLouis,2020/12/30,0,31,
StLouis,2021/01/04,0,31,
StLouis,2021/01/05,0,31,
StLouis,2021/01/06,0,31,
StLouis,2021/01/11,0,41,
StLouis,2021/01/12,0,41,
StLouis,2021/01/13,0,41,
StLouis,2021/01/14,0,41,
StLouis,2021/01/15,0,41,
StLouis,2021/01/19,0,41,
StLouis,2021/01/21,0,31,
StLouis,2021/01/22,0,41,
StLouis,2021/01/25,0,41,
StLouis,2021/01/26,0,41,
StLouis,2021/01/27,0,41,
StLouis,2021/01/28,0,41,
StLouis,2021/01/29,0,41,
StLouis,2021/02/01,0,49,
StLouis,2021/02/02,0,49,
StLouis,2021/02/03,0,49,
StLouis,2021/02/04,0,49,
StLouis,2021/02/05,0,49,
StLouis,2021/02/08,0,49,
StLouis,2021/02/09,0,49,
StLouis,2021/02/10,0,49,
StLouis,2021/02/11,0,49,
StLouis,2021/02/12,0,49,
StLouis,2021/02/16,0,49,
StLouis,2021/02/17,0,49,
StLouis,2021/02/18,0,61,
StLouis,2021/02/19,0,61,
StLouis,2021/02/22,0,61,
StLouis,2021/02/23,0,61,
StLouis,2021/02/26,0,61,
StLouis,2021/03/01,0,61,
StLouis,2021/03/02,0,61,
StLouis,2021/03/03,0,61,
StLouis,2021/03/04,0,61,
StLouis,2021/03/05,0,61,
StLouis,2021/03/08,0,61,
StLouis,2021/03/09,16,61,
StLouis,2021/03/10,16,61,
StLouis,2021/03/11,16,61,
StLouis,2021/03/12,25,61,
StLouis,2021/03/15,25,61,
StLouis,2021/03/16,25,61,
StLouis,2021/03/17,25,61,
StLouis,2021/03/18,25,61,
StLouis,2021/03/19,25,61,
StLouis,2021/03/22,37,61,
StLouis,2021/03/23,37,61,
StLouis,2021/03/24,37,61,
StLouis,2021/03/25,37,61,
StLouis,2021/03/26,41,61,
StLouis,2021/03/29,41,61,
StLouis,2021/03/30,49,61,
StLouis,2021/03/31,49,61,
StLouis,2021/04/01,61,61,
StLouis,2021/12/01,0,6,
StLouis,2021/12/12,0,16,
StLouis,2022/01/03,0,37,
StLouis,2022/01/04,0,41,
StLouis,2022/01/05,0,41,
StLouis,2022/01/06,0,41,
StLouis,2022/01/07,0,41,
StLouis,2022/01/10,0,49,
StLouis,2022/01/11,0,49,
StLouis,2022/01/12,0,49,
StLouis,2022/01/13,0,49,
StLouis,2022/01/14,0,49,
StLouis,2022/01/18,0,49,
StLouis,2022/01/19,0,49,
StLouis,2022/01/25,0,61,
StLouis,2022/01/27,0,61,
StLouis,2022/01/28,0,61,
StLouis,2022/01/31,0,61,
StLouis,2022/02/02,0,61,
StLouis,2022/02/03,0,61,
StLouis,2022/02/04,0,61,
StLouis,2022/02/07,0,61,
StLouis,2022/02/08,0,61,
StLouis,2022/02/09,0,61,
StLouis,2022/02/10,0,61,
StLouis,2022/02/11,0,61,
StLouis,2022/02/14,0,61,
StLouis,2022/02/15,0,61,
StLouis,2022/02/16,0,61,
StLouis,2022/02/17,0,61,
StLouis,2022/02/24,0,61,
StLouis,2022/02/25,0,73,
StLouis,2022/02/28,0,73,
StLouis,2022/03/01,0,73,
StLouis,2022/03/02,0,73,
StLouis,2022/03/03,0,73,
StLouis,2022/03/04,0,73,
StLouis,2022/03/08,0,73,
StLouis,2022/03/09,0,73,
StLouis,2022/03/10,0,73,
StLouis,2022/03/14,0,73,
StLouis,2022/03/15,0,73,
StLouis,2022/03/16,0,73,
StLouis,2022/03/17,6,73,
StLouis,2022/03/18,8,73,
StLouis,2022/03/19,8,73,
StLouis,2022/03/20,16,73,
StLouis,2022/03/21,19,73,
StLouis,2022/03/22,19,73,
StLouis,2022/03/24,19,73,
StLouis,2022/03/25,19,73,
StLouis,2022/03/28,6,73,
StLouis,2022/03/29,13,73,
StLouis,2022/03/30,16,73,
StLouis,2022/03/31,19,73,
StLouis,2022/04/01,19,73,
StLouis,2022/04/04,19,73,
StLouis,2022/04/05,25,73,
StLouis,2022/04/06,31,73,
StLouis,2022/04/07,31,73,
StLouis,2022/04/08,31,73,
StLouis,2022/04/12,31,73,
StLouis,2022/04/13,37,73,
StLouis,2022/04/14,41,73,
StLouis,2022/04/15,41,73,
StLouis,2022/04/18,41,73,
StLouis,2022/04/20,41,61,
StLouis,2022/04/21,41,61,
StLouis,2022/04/22,49,61,
StLouis,2022/04/25,49,61,
StLouis,2022/04/28,61,61,
